{
  "npmScope": "shiba",
  "affected": {
    "defaultBase": "master"
  },
  "implicitDependencies": {
    "package.json": {
      "dependencies": "*",
      "devDependencies": "*"
    },
    ".eslintrc.json": "*"
  },
  "tasksRunnerOptions": {
    "default": {
      "runner": "@nrwl/workspace/tasks-runners/default",
      "options": {
        "cacheableOperations": ["build", "lint", "test", "e2e"]
      }
    }
  },
  "targetDependencies": {
    "build": [
      {
        "target": "build",
        "projects": "dependencies"
      }
    ]
  },
  "projects": {
    "backend": {
      "tags": ["lib:libs/backend"]
    },
    "client": {
      "tags": []
    },
    "client-e2e": {
      "tags": [],
      "implicitDependencies": ["client"]
    },
    "content-student": {
      "tags": ["lib:content"]
    }
  }
}
